Plate information ,,,,,,,,,,,,,,,,,,,,,,,,
Plate,Repeat,Barcode,Chamber temperature at start,Chamber temperature at end,Ambient temperature at start,Ambient temperature at end,Meas,ScanX,ScanY,Measinfo,Kinetics,Measurement date,,,,,,,,,,,,
1,1,,36.45,36.55,26.5,26.5,Meas A,0,0,De=1st Ex=Btm Em=Btm,1,2021/6/28 16:08,,,,,,,,,,,,
,,,,,,,,,,,,,,,,,,,,,,,,
No background information available.,,,,,,,,,,,,,,,,,,,,,,,,
Results for Meas A -  (RFU),,,,,,,,,,,,,,,,,,,,,,,,
,1,2,3,4,5,6,7,8,9,10,11,12,13,14,15,16,17,18,19,20,21,22,23,24
A,,,,,,,,,,,,,,,,,,,,,,,,
B,,,,,,,,,,,,,,,,,,,,,,,,
C,,,,,,,,,,,,,,,,,,,,,,,,
D,,,,,,,,,,,,,,,,,,,,,,,,
E,,,,,,,,,,,,,,,,,,,,,,,,
F,,,,,,,,,,,,,,,,,,,,,,,,
G,,,,,,,,,,,,,,,,,,,,,,,,
H,,,,,,,,,,,,,,,,,,,,,,,,
I,,,,,,,,,,,,,,,,,,,,,,,,
J,,,,,,,,,,,,,,,,,,,,,,,,
K,,,,,,,,,,,,,,,,,,,,,,,,
L,,,,,,,,,,,,,,,,,,,,,,,,
M,3673,3940,3690,3567,3702,3544,3560,3581,3693,3393,3486,632,650,649,522,579,531,,,,,,,
N,4079,3480,3422,3433,3456,3291,3481,3346,3284,3475,3374,3286,3379,3219,3531,540,555,,,,,,,
O,3528,3826,3589,3644,3694,3471,3478,3556,3746,3895,3475,633,580,552,560,569,642,,,,,,,
P,3579,3893,3622,3749,3657,3747,3635,3561,3557,3608,3437,3445,3586,3643,3670,3739,573,,,,,,,
,,,,,,,,,,,,,,,,,,,,,,,,
Plate information ,,,,,,,,,,,,,,,,,,,,,,,,
Plate,Repeat,Barcode,Chamber temperature at start,Chamber temperature at end,Ambient temperature at start,Ambient temperature at end,Meas,ScanX,ScanY,Measinfo,Kinetics,Measurement date,,,,,,,,,,,,
1,2,,36.65,36.65,26.6,26.6,Meas A,0,0,De=1st Ex=Btm Em=Btm,1,2021/6/28 16:11,,,,,,,,,,,,
,,,,,,,,,,,,,,,,,,,,,,,,
No background information available.,,,,,,,,,,,,,,,,,,,,,,,,
Results for Meas A -  (RFU),,,,,,,,,,,,,,,,,,,,,,,,
,1,2,3,4,5,6,7,8,9,10,11,12,13,14,15,16,17,18,19,20,21,22,23,24
A,,,,,,,,,,,,,,,,,,,,,,,,
B,,,,,,,,,,,,,,,,,,,,,,,,
C,,,,,,,,,,,,,,,,,,,,,,,,
D,,,,,,,,,,,,,,,,,,,,,,,,
E,,,,,,,,,,,,,,,,,,,,,,,,
F,,,,,,,,,,,,,,,,,,,,,,,,
G,,,,,,,,,,,,,,,,,,,,,,,,
H,,,,,,,,,,,,,,,,,,,,,,,,
I,,,,,,,,,,,,,,,,,,,,,,,,
J,,,,,,,,,,,,,,,,,,,,,,,,
K,,,,,,,,,,,,,,,,,,,,,,,,
L,,,,,,,,,,,,,,,,,,,,,,,,
M,3997,4691,4111,3747,3917,3801,3830,3995,3950,3743,3884,646,568,593,525,573,537,,,,,,,
N,4876,3830,3687,3741,3692,3649,3781,3551,3694,3693,3617,3636,3698,3717,3975,553,538,,,,,,,
O,3784,4253,3953,3912,4329,3774,3801,4014,4346,4635,3657,648,553,554,533,549,591,,,,,,,
P,3727,4711,3970,3991,4211,4081,3916,3889,4075,4081,3968,3785,4117,4028,3947,4163,502,,,,,,,
,,,,,,,,,,,,,,,,,,,,,,,,
Plate information ,,,,,,,,,,,,,,,,,,,,,,,,
Plate,Repeat,Barcode,Chamber temperature at start,Chamber temperature at end,Ambient temperature at start,Ambient temperature at end,Meas,ScanX,ScanY,Measinfo,Kinetics,Measurement date,,,,,,,,,,,,
1,3,,36.7,36.75,26.7,26.7,Meas A,0,0,De=1st Ex=Btm Em=Btm,1,2021/6/28 16:14,,,,,,,,,,,,
,,,,,,,,,,,,,,,,,,,,,,,,
No background information available.,,,,,,,,,,,,,,,,,,,,,,,,
Results for Meas A -  (RFU),,,,,,,,,,,,,,,,,,,,,,,,
,1,2,3,4,5,6,7,8,9,10,11,12,13,14,15,16,17,18,19,20,21,22,23,24
A,,,,,,,,,,,,,,,,,,,,,,,,
B,,,,,,,,,,,,,,,,,,,,,,,,
C,,,,,,,,,,,,,,,,,,,,,,,,
D,,,,,,,,,,,,,,,,,,,,,,,,
E,,,,,,,,,,,,,,,,,,,,,,,,
F,,,,,,,,,,,,,,,,,,,,,,,,
G,,,,,,,,,,,,,,,,,,,,,,,,
H,,,,,,,,,,,,,,,,,,,,,,,,
I,,,,,,,,,,,,,,,,,,,,,,,,
J,,,,,,,,,,,,,,,,,,,,,,,,
K,,,,,,,,,,,,,,,,,,,,,,,,
L,,,,,,,,,,,,,,,,,,,,,,,,
M,4766,6311,5020,3883,4070,3965,3951,4118,4108,3938,3981,704,615,612,582,567,581,,,,,,,
N,6796,4058,4027,3963,3986,3783,4121,3915,3960,4014,3869,3952,3950,3906,4185,559,593,,,,,,,
O,4160,5208,4392,4386,5063,4060,4280,4825,5915,6168,3940,666,567,564,602,599,628,,,,,,,
P,4067,6975,4335,4956,5733,4480,4204,4275,4635,4550,4230,4031,4757,4493,4252,4278,509,,,,,,,
,,,,,,,,,,,,,,,,,,,,,,,,
Plate information ,,,,,,,,,,,,,,,,,,,,,,,,
Plate,Repeat,Barcode,Chamber temperature at start,Chamber temperature at end,Ambient temperature at start,Ambient temperature at end,Meas,ScanX,ScanY,Measinfo,Kinetics,Measurement date,,,,,,,,,,,,
1,4,,36.75,36.7,26.8,26.8,Meas A,0,0,De=1st Ex=Btm Em=Btm,1,2021/6/28 16:17,,,,,,,,,,,,
,,,,,,,,,,,,,,,,,,,,,,,,
No background information available.,,,,,,,,,,,,,,,,,,,,,,,,
Results for Meas A -  (RFU),,,,,,,,,,,,,,,,,,,,,,,,
,1,2,3,4,5,6,7,8,9,10,11,12,13,14,15,16,17,18,19,20,21,22,23,24
A,,,,,,,,,,,,,,,,,,,,,,,,
B,,,,,,,,,,,,,,,,,,,,,,,,
C,,,,,,,,,,,,,,,,,,,,,,,,
D,,,,,,,,,,,,,,,,,,,,,,,,
E,,,,,,,,,,,,,,,,,,,,,,,,
F,,,,,,,,,,,,,,,,,,,,,,,,
G,,,,,,,,,,,,,,,,,,,,,,,,
H,,,,,,,,,,,,,,,,,,,,,,,,
I,,,,,,,,,,,,,,,,,,,,,,,,
J,,,,,,,,,,,,,,,,,,,,,,,,
K,,,,,,,,,,,,,,,,,,,,,,,,
L,,,,,,,,,,,,,,,,,,,,,,,,
M,6106,8925,7528,4083,4280,3954,4102,4391,4317,4178,4120,630,601,608,582,523,513,,,,,,,
N,10134,4264,4105,4167,4119,4027,4744,3919,4108,4236,4051,3928,4118,3985,4263,565,532,,,,,,,
O,4361,6516,4937,5454,6218,4318,5042,6020,9183,9255,4083,677,591,605,598,567,635,,,,,,,
P,4566,11022,5286,6311,8798,4808,4582,4459,5330,5575,4594,4355,5631,5066,4306,4385,548,,,,,,,
,,,,,,,,,,,,,,,,,,,,,,,,
Plate information ,,,,,,,,,,,,,,,,,,,,,,,,
Plate,Repeat,Barcode,Chamber temperature at start,Chamber temperature at end,Ambient temperature at start,Ambient temperature at end,Meas,ScanX,ScanY,Measinfo,Kinetics,Measurement date,,,,,,,,,,,,
1,5,,36.7,36.75,26.8,26.8,Meas A,0,0,De=1st Ex=Btm Em=Btm,1,2021/6/28 16:20,,,,,,,,,,,,
,,,,,,,,,,,,,,,,,,,,,,,,
No background information available.,,,,,,,,,,,,,,,,,,,,,,,,
Results for Meas A -  (RFU),,,,,,,,,,,,,,,,,,,,,,,,
,1,2,3,4,5,6,7,8,9,10,11,12,13,14,15,16,17,18,19,20,21,22,23,24
A,,,,,,,,,,,,,,,,,,,,,,,,
B,,,,,,,,,,,,,,,,,,,,,,,,
C,,,,,,,,,,,,,,,,,,,,,,,,
D,,,,,,,,,,,,,,,,,,,,,,,,
E,,,,,,,,,,,,,,,,,,,,,,,,
F,,,,,,,,,,,,,,,,,,,,,,,,
G,,,,,,,,,,,,,,,,,,,,,,,,
H,,,,,,,,,,,,,,,,,,,,,,,,
I,,,,,,,,,,,,,,,,,,,,,,,,
J,,,,,,,,,,,,,,,,,,,,,,,,
K,,,,,,,,,,,,,,,,,,,,,,,,
L,,,,,,,,,,,,,,,,,,,,,,,,
M,8845,13379,12139,4198,4412,3993,4264,4632,4572,4538,4218,696,618,718,626,606,551,,,,,,,
N,15575,4575,4356,4426,4394,4018,5729,4097,4310,4307,4134,4093,4266,4079,4335,595,607,,,,,,,
O,4905,8107,5931,7764,7946,4489,6354,8070,15496,14616,4163,746,623,593,579,641,616,,,,,,,
P,5188,16290,6458,8862,13347,5551,4971,5140,6715,7153,5085,4662,7492,6075,4601,4393,548,,,,,,,
,,,,,,,,,,,,,,,,,,,,,,,,
Plate information ,,,,,,,,,,,,,,,,,,,,,,,,
Plate,Repeat,Barcode,Chamber temperature at start,Chamber temperature at end,Ambient temperature at start,Ambient temperature at end,Meas,ScanX,ScanY,Measinfo,Kinetics,Measurement date,,,,,,,,,,,,
1,6,,36.75,36.7,26.8,26.8,Meas A,0,0,De=1st Ex=Btm Em=Btm,1,2021/6/28 16:23,,,,,,,,,,,,
,,,,,,,,,,,,,,,,,,,,,,,,
No background information available.,,,,,,,,,,,,,,,,,,,,,,,,
Results for Meas A -  (RFU),,,,,,,,,,,,,,,,,,,,,,,,
,1,2,3,4,5,6,7,8,9,10,11,12,13,14,15,16,17,18,19,20,21,22,23,24
A,,,,,,,,,,,,,,,,,,,,,,,,
B,,,,,,,,,,,,,,,,,,,,,,,,
C,,,,,,,,,,,,,,,,,,,,,,,,
D,,,,,,,,,,,,,,,,,,,,,,,,
E,,,,,,,,,,,,,,,,,,,,,,,,
F,,,,,,,,,,,,,,,,,,,,,,,,
G,,,,,,,,,,,,,,,,,,,,,,,,
H,,,,,,,,,,,,,,,,,,,,,,,,
I,,,,,,,,,,,,,,,,,,,,,,,,
J,,,,,,,,,,,,,,,,,,,,,,,,
K,,,,,,,,,,,,,,,,,,,,,,,,
L,,,,,,,,,,,,,,,,,,,,,,,,
M,12743,19265,19314,4395,4796,3998,4237,4975,4900,4916,4173,701,622,674,577,620,552,,,,,,,
N,23103,4926,4628,4638,4525,4285,7481,4101,4372,4624,4204,4062,4516,4198,4475,570,559,,,,,,,
O,5460,10520,7025,11220,9942,4895,8204,10933,23700,22934,4133,680,571,588,557,619,659,,,,,,,
P,5988,22799,8221,12461,18684,6009,5601,5940,8668,9332,5669,5028,9679,7579,4589,4474,568,,,,,,,
,,,,,,,,,,,,,,,,,,,,,,,,
Plate information ,,,,,,,,,,,,,,,,,,,,,,,,
Plate,Repeat,Barcode,Chamber temperature at start,Chamber temperature at end,Ambient temperature at start,Ambient temperature at end,Meas,ScanX,ScanY,Measinfo,Kinetics,Measurement date,,,,,,,,,,,,
1,7,,36.7,36.75,26.8,26.9,Meas A,0,0,De=1st Ex=Btm Em=Btm,1,2021/6/28 16:26,,,,,,,,,,,,
,,,,,,,,,,,,,,,,,,,,,,,,
No background information available.,,,,,,,,,,,,,,,,,,,,,,,,
Results for Meas A -  (RFU),,,,,,,,,,,,,,,,,,,,,,,,
,1,2,3,4,5,6,7,8,9,10,11,12,13,14,15,16,17,18,19,20,21,22,23,24
A,,,,,,,,,,,,,,,,,,,,,,,,
B,,,,,,,,,,,,,,,,,,,,,,,,
C,,,,,,,,,,,,,,,,,,,,,,,,
D,,,,,,,,,,,,,,,,,,,,,,,,
E,,,,,,,,,,,,,,,,,,,,,,,,
F,,,,,,,,,,,,,,,,,,,,,,,,
G,,,,,,,,,,,,,,,,,,,,,,,,
H,,,,,,,,,,,,,,,,,,,,,,,,
I,,,,,,,,,,,,,,,,,,,,,,,,
J,,,,,,,,,,,,,,,,,,,,,,,,
K,,,,,,,,,,,,,,,,,,,,,,,,
L,,,,,,,,,,,,,,,,,,,,,,,,
M,18149,27011,28043,4491,5139,4036,4376,5329,5240,5314,4215,663,553,656,570,630,609,,,,,,,
N,32237,5319,4935,4873,4686,4448,9981,4171,4410,4874,4296,4158,4723,4221,4424,541,508,,,,,,,
O,6166,13016,8681,16023,12639,5120,10682,14330,33618,33063,4292,712,614,561,616,521,606,,,,,,,
P,7101,29493,10116,17215,24338,6727,6264,7080,11164,12108,6482,5543,13047,9759,4775,4607,549,,,,,,,
,,,,,,,,,,,,,,,,,,,,,,,,
Plate information ,,,,,,,,,,,,,,,,,,,,,,,,
Plate,Repeat,Barcode,Chamber temperature at start,Chamber temperature at end,Ambient temperature at start,Ambient temperature at end,Meas,ScanX,ScanY,Measinfo,Kinetics,Measurement date,,,,,,,,,,,,
1,8,,36.75,36.75,26.9,26.9,Meas A,0,0,De=1st Ex=Btm Em=Btm,1,2021/6/28 16:29,,,,,,,,,,,,
,,,,,,,,,,,,,,,,,,,,,,,,
No background information available.,,,,,,,,,,,,,,,,,,,,,,,,
Results for Meas A -  (RFU),,,,,,,,,,,,,,,,,,,,,,,,
,1,2,3,4,5,6,7,8,9,10,11,12,13,14,15,16,17,18,19,20,21,22,23,24
A,,,,,,,,,,,,,,,,,,,,,,,,
B,,,,,,,,,,,,,,,,,,,,,,,,
C,,,,,,,,,,,,,,,,,,,,,,,,
D,,,,,,,,,,,,,,,,,,,,,,,,
E,,,,,,,,,,,,,,,,,,,,,,,,
F,,,,,,,,,,,,,,,,,,,,,,,,
G,,,,,,,,,,,,,,,,,,,,,,,,
H,,,,,,,,,,,,,,,,,,,,,,,,
I,,,,,,,,,,,,,,,,,,,,,,,,
J,,,,,,,,,,,,,,,,,,,,,,,,
K,,,,,,,,,,,,,,,,,,,,,,,,
L,,,,,,,,,,,,,,,,,,,,,,,,
M,24542,35556,38757,4781,5305,4220,4443,5757,5730,5808,4161,676,615,638,611,557,558,,,,,,,
N,43359,5852,5039,5185,5069,4553,13275,4166,4649,5247,4298,4264,4965,4339,4512,496,541,,,,,,,
O,6993,15875,10365,21464,15482,5615,13300,19153,44117,44947,4256,701,613,591,565,546,620,,,,,,,
P,8364,35989,12298,22160,30510,7294,6894,8361,14015,15070,7449,6024,16927,12156,4841,4502,553,,,,,,,
,,,,,,,,,,,,,,,,,,,,,,,,
Plate information ,,,,,,,,,,,,,,,,,,,,,,,,
Plate,Repeat,Barcode,Chamber temperature at start,Chamber temperature at end,Ambient temperature at start,Ambient temperature at end,Meas,ScanX,ScanY,Measinfo,Kinetics,Measurement date,,,,,,,,,,,,
1,9,,36.75,36.7,26.9,26.9,Meas A,0,0,De=1st Ex=Btm Em=Btm,1,2021/6/28 16:32,,,,,,,,,,,,
,,,,,,,,,,,,,,,,,,,,,,,,
No background information available.,,,,,,,,,,,,,,,,,,,,,,,,
Results for Meas A -  (RFU),,,,,,,,,,,,,,,,,,,,,,,,
,1,2,3,4,5,6,7,8,9,10,11,12,13,14,15,16,17,18,19,20,21,22,23,24
A,,,,,,,,,,,,,,,,,,,,,,,,
B,,,,,,,,,,,,,,,,,,,,,,,,
C,,,,,,,,,,,,,,,,,,,,,,,,
D,,,,,,,,,,,,,,,,,,,,,,,,
E,,,,,,,,,,,,,,,,,,,,,,,,
F,,,,,,,,,,,,,,,,,,,,,,,,
G,,,,,,,,,,,,,,,,,,,,,,,,
H,,,,,,,,,,,,,,,,,,,,,,,,
I,,,,,,,,,,,,,,,,,,,,,,,,
J,,,,,,,,,,,,,,,,,,,,,,,,
K,,,,,,,,,,,,,,,,,,,,,,,,
L,,,,,,,,,,,,,,,,,,,,,,,,
M,31235,45092,49208,5000,5846,4270,4661,6298,6219,6452,4195,666,638,721,570,623,573,,,,,,,
N,54829,6312,5461,5434,5257,4549,16839,4255,4752,5602,4172,4311,5240,4387,4543,613,562,,,,,,,
O,7644,19123,12529,27252,18769,6094,16089,24220,54776,57005,4286,708,617,634,632,572,604,,,,,,,
P,9941,43330,14652,27802,36604,7841,7779,9669,17504,18600,8786,6566,21131,14603,5005,4708,614,,,,,,,
,,,,,,,,,,,,,,,,,,,,,,,,
Plate information ,,,,,,,,,,,,,,,,,,,,,,,,
Plate,Repeat,Barcode,Chamber temperature at start,Chamber temperature at end,Ambient temperature at start,Ambient temperature at end,Meas,ScanX,ScanY,Measinfo,Kinetics,Measurement date,,,,,,,,,,,,
1,10,,36.75,36.75,27,26.9,Meas A,0,0,De=1st Ex=Btm Em=Btm,1,2021/6/28 16:35,,,,,,,,,,,,
,,,,,,,,,,,,,,,,,,,,,,,,
No background information available.,,,,,,,,,,,,,,,,,,,,,,,,
Results for Meas A -  (RFU),,,,,,,,,,,,,,,,,,,,,,,,
,1,2,3,4,5,6,7,8,9,10,11,12,13,14,15,16,17,18,19,20,21,22,23,24
A,,,,,,,,,,,,,,,,,,,,,,,,
B,,,,,,,,,,,,,,,,,,,,,,,,
C,,,,,,,,,,,,,,,,,,,,,,,,
D,,,,,,,,,,,,,,,,,,,,,,,,
E,,,,,,,,,,,,,,,,,,,,,,,,
F,,,,,,,,,,,,,,,,,,,,,,,,
G,,,,,,,,,,,,,,,,,,,,,,,,
H,,,,,,,,,,,,,,,,,,,,,,,,
I,,,,,,,,,,,,,,,,,,,,,,,,
J,,,,,,,,,,,,,,,,,,,,,,,,
K,,,,,,,,,,,,,,,,,,,,,,,,
L,,,,,,,,,,,,,,,,,,,,,,,,
M,38755,54782,60224,5310,6108,4291,4861,6833,6740,7303,4309,664,632,645,653,612,531,,,,,,,
N,67373,6856,5798,5782,5543,4840,21229,4362,4988,6027,4454,4379,5571,4368,4493,570,543,,,,,,,
O,8629,22776,14759,33555,22018,6538,19217,29796,65389,69043,4314,687,655,608,593,598,636,,,,,,,
P,11358,50255,16955,33545,43212,8455,8745,11090,21556,22165,9899,7199,25350,17566,5079,4745,571,,,,,,,
,,,,,,,,,,,,,,,,,,,,,,,,
Plate information ,,,,,,,,,,,,,,,,,,,,,,,,
Plate,Repeat,Barcode,Chamber temperature at start,Chamber temperature at end,Ambient temperature at start,Ambient temperature at end,Meas,ScanX,ScanY,Measinfo,Kinetics,Measurement date,,,,,,,,,,,,
1,11,,36.75,36.8,26.8,26.8,Meas A,0,0,De=1st Ex=Btm Em=Btm,1,2021/6/28 16:38,,,,,,,,,,,,
,,,,,,,,,,,,,,,,,,,,,,,,
No background information available.,,,,,,,,,,,,,,,,,,,,,,,,
Results for Meas A -  (RFU),,,,,,,,,,,,,,,,,,,,,,,,
,1,2,3,4,5,6,7,8,9,10,11,12,13,14,15,16,17,18,19,20,21,22,23,24
A,,,,,,,,,,,,,,,,,,,,,,,,
B,,,,,,,,,,,,,,,,,,,,,,,,
C,,,,,,,,,,,,,,,,,,,,,,,,
D,,,,,,,,,,,,,,,,,,,,,,,,
E,,,,,,,,,,,,,,,,,,,,,,,,
F,,,,,,,,,,,,,,,,,,,,,,,,
G,,,,,,,,,,,,,,,,,,,,,,,,
H,,,,,,,,,,,,,,,,,,,,,,,,
I,,,,,,,,,,,,,,,,,,,,,,,,
J,,,,,,,,,,,,,,,,,,,,,,,,
K,,,,,,,,,,,,,,,,,,,,,,,,
L,,,,,,,,,,,,,,,,,,,,,,,,
M,46134,64901,70777,5595,6691,4328,5074,7149,7381,8156,4283,691,617,689,600,575,555,,,,,,,
N,79809,7396,6242,6179,5850,4871,25982,4361,5147,6349,4499,4345,5884,4316,4619,597,542,,,,,,,
O,9462,26622,17275,39895,25664,7038,22343,35903,75804,81609,4448,741,657,563,598,558,611,,,,,,,
P,13009,56961,19478,39874,49870,9077,9822,12940,25668,25909,11085,7864,30146,20451,5326,4856,550,,,,,,,
,,,,,,,,,,,,,,,,,,,,,,,,
Plate information ,,,,,,,,,,,,,,,,,,,,,,,,
Plate,Repeat,Barcode,Chamber temperature at start,Chamber temperature at end,Ambient temperature at start,Ambient temperature at end,Meas,ScanX,ScanY,Measinfo,Kinetics,Measurement date,,,,,,,,,,,,
1,12,,36.75,36.75,26.8,26.8,Meas A,0,0,De=1st Ex=Btm Em=Btm,1,2021/6/28 16:41,,,,,,,,,,,,
,,,,,,,,,,,,,,,,,,,,,,,,
No background information available.,,,,,,,,,,,,,,,,,,,,,,,,
Results for Meas A -  (RFU),,,,,,,,,,,,,,,,,,,,,,,,
,1,2,3,4,5,6,7,8,9,10,11,12,13,14,15,16,17,18,19,20,21,22,23,24
A,,,,,,,,,,,,,,,,,,,,,,,,
B,,,,,,,,,,,,,,,,,,,,,,,,
C,,,,,,,,,,,,,,,,,,,,,,,,
D,,,,,,,,,,,,,,,,,,,,,,,,
E,,,,,,,,,,,,,,,,,,,,,,,,
F,,,,,,,,,,,,,,,,,,,,,,,,
G,,,,,,,,,,,,,,,,,,,,,,,,
H,,,,,,,,,,,,,,,,,,,,,,,,
I,,,,,,,,,,,,,,,,,,,,,,,,
J,,,,,,,,,,,,,,,,,,,,,,,,
K,,,,,,,,,,,,,,,,,,,,,,,,
L,,,,,,,,,,,,,,,,,,,,,,,,
M,53486,74446,81617,6064,7090,4323,5192,7862,7979,9060,4354,633,662,620,586,577,537,,,,,,,
N,92254,7800,6497,6481,6185,4997,30954,4494,5384,6895,4535,4566,6260,4520,4579,570,553,,,,,,,
O,10411,30500,19983,46106,29471,7566,25881,42030,86398,93294,4471,696,626,675,616,546,659,,,,,,,
P,14652,63717,22130,45876,55981,9821,10738,14824,29883,29942,12634,8528,34844,23761,5326,4897,534,,,,,,,
,,,,,,,,,,,,,,,,,,,,,,,,
Plate information ,,,,,,,,,,,,,,,,,,,,,,,,
Plate,Repeat,Barcode,Chamber temperature at start,Chamber temperature at end,Ambient temperature at start,Ambient temperature at end,Meas,ScanX,ScanY,Measinfo,Kinetics,Measurement date,,,,,,,,,,,,
1,13,,36.75,36.75,26.9,26.9,Meas A,0,0,De=1st Ex=Btm Em=Btm,1,2021/6/28 16:44,,,,,,,,,,,,
,,,,,,,,,,,,,,,,,,,,,,,,
No background information available.,,,,,,,,,,,,,,,,,,,,,,,,
Results for Meas A -  (RFU),,,,,,,,,,,,,,,,,,,,,,,,
,1,2,3,4,5,6,7,8,9,10,11,12,13,14,15,16,17,18,19,20,21,22,23,24
A,,,,,,,,,,,,,,,,,,,,,,,,
B,,,,,,,,,,,,,,,,,,,,,,,,
C,,,,,,,,,,,,,,,,,,,,,,,,
D,,,,,,,,,,,,,,,,,,,,,,,,
E,,,,,,,,,,,,,,,,,,,,,,,,
F,,,,,,,,,,,,,,,,,,,,,,,,
G,,,,,,,,,,,,,,,,,,,,,,,,
H,,,,,,,,,,,,,,,,,,,,,,,,
I,,,,,,,,,,,,,,,,,,,,,,,,
J,,,,,,,,,,,,,,,,,,,,,,,,
K,,,,,,,,,,,,,,,,,,,,,,,,
L,,,,,,,,,,,,,,,,,,,,,,,,
M,60504,84612,91519,6381,7628,4283,5332,8564,8906,9934,4297,673,683,683,590,587,561,,,,,,,
N,104481,8403,7051,6948,6475,5093,36240,4514,5594,7520,4611,4595,6790,4695,4683,633,548,,,,,,,
O,11559,34633,22799,52360,32852,8121,29048,48361,95890,104744,4496,781,651,615,634,615,605,,,,,,,
P,16374,69912,24710,52207,62117,10584,12036,16474,34202,33933,14181,9326,39526,26806,5571,5016,610,,,,,,,
,,,,,,,,,,,,,,,,,,,,,,,,
Plate information ,,,,,,,,,,,,,,,,,,,,,,,,
Plate,Repeat,Barcode,Chamber temperature at start,Chamber temperature at end,Ambient temperature at start,Ambient temperature at end,Meas,ScanX,ScanY,Measinfo,Kinetics,Measurement date,,,,,,,,,,,,
1,14,,36.7,36.8,27.1,27.1,Meas A,0,0,De=1st Ex=Btm Em=Btm,1,2021/6/28 16:47,,,,,,,,,,,,
,,,,,,,,,,,,,,,,,,,,,,,,
No background information available.,,,,,,,,,,,,,,,,,,,,,,,,
Results for Meas A -  (RFU),,,,,,,,,,,,,,,,,,,,,,,,
,1,2,3,4,5,6,7,8,9,10,11,12,13,14,15,16,17,18,19,20,21,22,23,24
A,,,,,,,,,,,,,,,,,,,,,,,,
B,,,,,,,,,,,,,,,,,,,,,,,,
C,,,,,,,,,,,,,,,,,,,,,,,,
D,,,,,,,,,,,,,,,,,,,,,,,,
E,,,,,,,,,,,,,,,,,,,,,,,,
F,,,,,,,,,,,,,,,,,,,,,,,,
G,,,,,,,,,,,,,,,,,,,,,,,,
H,,,,,,,,,,,,,,,,,,,,,,,,
I,,,,,,,,,,,,,,,,,,,,,,,,
J,,,,,,,,,,,,,,,,,,,,,,,,
K,,,,,,,,,,,,,,,,,,,,,,,,
L,,,,,,,,,,,,,,,,,,,,,,,,
M,67782,94118,101116,6927,7954,4317,5650,9252,9689,11061,4320,688,682,604,571,594,610,,,,,,,
N,116576,9213,7487,7259,6799,5429,42050,4744,5728,8123,4640,4660,7287,4722,4786,610,563,,,,,,,
O,12430,38834,25639,58547,36689,8702,32154,55214,105589,116262,4622,705,661,644,521,597,590,,,,,,,
P,18266,76817,27568,58484,68625,11238,13285,18755,38720,38476,15769,9900,44761,30288,5644,5059,579,,,,,,,
,,,,,,,,,,,,,,,,,,,,,,,,
Plate information ,,,,,,,,,,,,,,,,,,,,,,,,
Plate,Repeat,Barcode,Chamber temperature at start,Chamber temperature at end,Ambient temperature at start,Ambient temperature at end,Meas,ScanX,ScanY,Measinfo,Kinetics,Measurement date,,,,,,,,,,,,
1,15,,36.75,36.8,27.2,27.1,Meas A,0,0,De=1st Ex=Btm Em=Btm,1,2021/6/28 16:50,,,,,,,,,,,,
,,,,,,,,,,,,,,,,,,,,,,,,
No background information available.,,,,,,,,,,,,,,,,,,,,,,,,
Results for Meas A -  (RFU),,,,,,,,,,,,,,,,,,,,,,,,
,1,2,3,4,5,6,7,8,9,10,11,12,13,14,15,16,17,18,19,20,21,22,23,24
A,,,,,,,,,,,,,,,,,,,,,,,,
B,,,,,,,,,,,,,,,,,,,,,,,,
C,,,,,,,,,,,,,,,,,,,,,,,,
D,,,,,,,,,,,,,,,,,,,,,,,,
E,,,,,,,,,,,,,,,,,,,,,,,,
F,,,,,,,,,,,,,,,,,,,,,,,,
G,,,,,,,,,,,,,,,,,,,,,,,,
H,,,,,,,,,,,,,,,,,,,,,,,,
I,,,,,,,,,,,,,,,,,,,,,,,,
J,,,,,,,,,,,,,,,,,,,,,,,,
K,,,,,,,,,,,,,,,,,,,,,,,,
L,,,,,,,,,,,,,,,,,,,,,,,,
M,74670,103628,110804,7331,8641,4469,5726,9863,10503,12057,4323,706,637,691,628,612,547,,,,,,,
N,128165,9800,7781,7700,7212,5515,47031,4654,5954,8825,4787,4821,7757,4821,4777,614,578,,,,,,,
O,13714,43426,28454,64476,40802,9122,35724,61430,114404,126946,4591,753,621,681,602,569,636,,,,,,,
P,20079,83086,30439,64548,74583,11866,14430,20696,43433,42473,17352,10813,50000,33511,5933,5121,558,,,,,,,
,,,,,,,,,,,,,,,,,,,,,,,,
Plate information ,,,,,,,,,,,,,,,,,,,,,,,,
Plate,Repeat,Barcode,Chamber temperature at start,Chamber temperature at end,Ambient temperature at start,Ambient temperature at end,Meas,ScanX,ScanY,Measinfo,Kinetics,Measurement date,,,,,,,,,,,,
1,16,,36.75,36.8,27,26.9,Meas A,0,0,De=1st Ex=Btm Em=Btm,1,2021/6/28 16:53,,,,,,,,,,,,
,,,,,,,,,,,,,,,,,,,,,,,,
No background information available.,,,,,,,,,,,,,,,,,,,,,,,,
Results for Meas A -  (RFU),,,,,,,,,,,,,,,,,,,,,,,,
,1,2,3,4,5,6,7,8,9,10,11,12,13,14,15,16,17,18,19,20,21,22,23,24
A,,,,,,,,,,,,,,,,,,,,,,,,
B,,,,,,,,,,,,,,,,,,,,,,,,
C,,,,,,,,,,,,,,,,,,,,,,,,
D,,,,,,,,,,,,,,,,,,,,,,,,
E,,,,,,,,,,,,,,,,,,,,,,,,
F,,,,,,,,,,,,,,,,,,,,,,,,
G,,,,,,,,,,,,,,,,,,,,,,,,
H,,,,,,,,,,,,,,,,,,,,,,,,
I,,,,,,,,,,,,,,,,,,,,,,,,
J,,,,,,,,,,,,,,,,,,,,,,,,
K,,,,,,,,,,,,,,,,,,,,,,,,
L,,,,,,,,,,,,,,,,,,,,,,,,
M,81696,112152,119452,7831,9220,4455,5997,10700,11309,13014,4331,688,706,668,612,626,540,,,,,,,
N,138859,10459,8425,7981,7455,5655,53264,4851,6150,9405,4767,4791,8286,4718,4882,605,528,,,,,,,
O,14832,47469,31913,69932,44146,9942,39288,68606,124399,137216,4625,750,652,670,604,612,631,,,,,,,
P,22156,89698,33089,71015,80581,12601,15925,22779,47854,47003,19031,11705,55019,37221,5911,5153,522,,,,,,,
,,,,,,,,,,,,,,,,,,,,,,,,
Plate information ,,,,,,,,,,,,,,,,,,,,,,,,
Plate,Repeat,Barcode,Chamber temperature at start,Chamber temperature at end,Ambient temperature at start,Ambient temperature at end,Meas,ScanX,ScanY,Measinfo,Kinetics,Measurement date,,,,,,,,,,,,
1,17,,36.75,36.8,26.9,26.9,Meas A,0,0,De=1st Ex=Btm Em=Btm,1,2021/6/28 16:56,,,,,,,,,,,,
,,,,,,,,,,,,,,,,,,,,,,,,
No background information available.,,,,,,,,,,,,,,,,,,,,,,,,
Results for Meas A -  (RFU),,,,,,,,,,,,,,,,,,,,,,,,
,1,2,3,4,5,6,7,8,9,10,11,12,13,14,15,16,17,18,19,20,21,22,23,24
A,,,,,,,,,,,,,,,,,,,,,,,,
B,,,,,,,,,,,,,,,,,,,,,,,,
C,,,,,,,,,,,,,,,,,,,,,,,,
D,,,,,,,,,,,,,,,,,,,,,,,,
E,,,,,,,,,,,,,,,,,,,,,,,,
F,,,,,,,,,,,,,,,,,,,,,,,,
G,,,,,,,,,,,,,,,,,,,,,,,,
H,,,,,,,,,,,,,,,,,,,,,,,,
I,,,,,,,,,,,,,,,,,,,,,,,,
J,,,,,,,,,,,,,,,,,,,,,,,,
K,,,,,,,,,,,,,,,,,,,,,,,,
L,,,,,,,,,,,,,,,,,,,,,,,,
M,88366,121727,128249,8428,9815,4554,6455,11158,12190,14453,4328,687,653,644,589,588,593,,,,,,,
N,149895,11012,8795,8518,7915,5953,58498,4860,6408,9957,4781,4884,8826,4827,4883,542,603,,,,,,,
O,16060,51792,34821,76135,47997,10470,42875,75168,133740,147420,4663,775,695,631,585,567,683,,,,,,,
P,24007,95953,35473,77344,86433,13456,17168,24959,52907,51298,20750,12608,60095,40452,6156,5353,603,,,,,,,
,,,,,,,,,,,,,,,,,,,,,,,,
Plate information ,,,,,,,,,,,,,,,,,,,,,,,,
Plate,Repeat,Barcode,Chamber temperature at start,Chamber temperature at end,Ambient temperature at start,Ambient temperature at end,Meas,ScanX,ScanY,Measinfo,Kinetics,Measurement date,,,,,,,,,,,,
1,18,,36.75,36.8,26.9,26.9,Meas A,0,0,De=1st Ex=Btm Em=Btm,1,2021/6/28 16:59,,,,,,,,,,,,
,,,,,,,,,,,,,,,,,,,,,,,,
No background information available.,,,,,,,,,,,,,,,,,,,,,,,,
Results for Meas A -  (RFU),,,,,,,,,,,,,,,,,,,,,,,,
,1,2,3,4,5,6,7,8,9,10,11,12,13,14,15,16,17,18,19,20,21,22,23,24
A,,,,,,,,,,,,,,,,,,,,,,,,
B,,,,,,,,,,,,,,,,,,,,,,,,
C,,,,,,,,,,,,,,,,,,,,,,,,
D,,,,,,,,,,,,,,,,,,,,,,,,
E,,,,,,,,,,,,,,,,,,,,,,,,
F,,,,,,,,,,,,,,,,,,,,,,,,
G,,,,,,,,,,,,,,,,,,,,,,,,
H,,,,,,,,,,,,,,,,,,,,,,,,
I,,,,,,,,,,,,,,,,,,,,,,,,
J,,,,,,,,,,,,,,,,,,,,,,,,
K,,,,,,,,,,,,,,,,,,,,,,,,
L,,,,,,,,,,,,,,,,,,,,,,,,
M,94780,130014,136733,8967,10537,4644,6661,12034,13041,15830,4388,750,651,674,616,547,612,,,,,,,
N,160282,11958,9295,8848,8363,6082,64318,4890,6589,10977,4892,5046,9375,5069,4848,607,551,,,,,,,
O,17019,56791,38315,81869,51893,10919,46326,81988,142273,156776,4700,770,682,720,600,540,627,,,,,,,
P,26157,101651,38465,83253,92059,14260,18525,26833,57657,56188,22585,13305,64916,44267,6284,5286,592,,,,,,,
,,,,,,,,,,,,,,,,,,,,,,,,
,,,,,,,,,,,,,,,,,,,,,,,,
Basic assay information ,,,,,,,,,,,,,,,,,,,,,,,,
Assay ID: ,,,,2556,,,,,,,,,,,,,,,,,,,,
Assay Started: ,,,,2021/6/28 16:07,,,,,,,,,,,,,,,,,,,,
Assay Finished: ,,,,2021/6/28 16:59,,,,,,,,,,,,,,,,,,,,
Assay Exported: ,,,,2021/6/28 16:59,,,,,,,,,,,,,,,,,,,,
Assay Started By: ,,,,N/A,,,,,,,,,,,,,,,,,,,,
Protocol ID: ,,,,100108,,,,,,,,,,,,,,,,,,,,
Protocol Name: ,,,,WangFI384well485535,,,,,,,,,,,,,,,,,,,,
Serial#: ,,,,23001302,,,,,,,,,,,,,,,,,,,,
,,,,,,,,,,,,,,,,,,,,,,,,
,,,,,,,,,,,,,,,,,,,,,,,,
,,,,,,,,,,,,,,,,,,,,,,,,
Protocol information,,,,,,,,,,,,,,,,,,,,,,,,
Protocol:,,,,,,,,,,,,,,,,,,,,,,,,
Protocol name,,,,WangFI384well485535,,,,,,,,,,,,,,,,,,,,
Number of assay repeats,,,,1,,,,,,,,,,,,,,,,,,,,
Start assay repeat each,,,,N/A,,,,,,,,,,,,,,,,,,,,
Number of plate repeats,,,,18,,,,,,,,,,,,,,,,,,,,
Start plate repeat each,,,,3 min ,,,,,,,,,,,,,,,,,,,,
Mode of measurement,,,,By Rows  bi-directional,,,,,,,,,,,,,,,,,,,,
Rotated plate,,,,No,,,,,,,,,,,,,,,,,,,,
Soft move,,,,No,,,,,,,,,,,,,,,,,,,,
Protocol notes,,,, ,,,,,,,,,,,,,,,,,,,,
,,,,,,,,,,,,,,,,,,,,,,,,
Plate type:,,,,,,,,,,,,,,,,,,,,,,,,
Name of the plate type,,,,384 General,,,,,,,,,,,,,,,,,,,,
Number of rows,,,,16,,,,,,,,,,,,,,,,,,,,
Number of columns,,,,24,,,,,,,,,,,,,,,,,,,,
Number of the wells in the plate,,,,384,,,,,,,,,,,,,,,,,,,,
Height of the plate,,,,14.35 mm,,,,,,,,,,,,,,,,,,,,
Diameter of the well,,,,3.5 mm,,,,,,,,,,,,,,,,,,,,
Volume of the well,,,,100 ¶Ãl,,,,,,,,,,,,,,,,,,,,
,,,,,,,,,,,,,,,,,,,,,,,,
Coordinates of corners:,,,,,,,,,,,,,,,,,,,,,,,,
384 General,,,,,,,,,,,,,,,,,,,,,,,,
12.13 mm x------------------------------------------------------ x 115.63 mm,,,,,,,,,,,,,,,,,,,,,,,,
8.99 mm                                                            8.99 mm,,,,,,,,,,,,,,,,,,,,,,,,
,,,,,,,,,,,,,,,,,,,,,,,,
12.13 mm x------------------------------------------------------ x 115.63 mm,,,,,,,,,,,,,,,,,,,,,,,,
76.49 mm                                                           76.49 mm,,,,,,,,,,,,,,,,,,,,,,,,
,,,,,,,,,,,,,,,,,,,,,,,,
Platemap:,,,,,,,,,,,,,,,,,,,,,,,,
Plate,,,,1,,,,,,,,,,,,,,,,,,,,
,,,,,,,,,,,,,,,,,,,,,,,,
,1,2,3,4,5,6,7,8,9,10,11,12,13,14,15,16,17,18,19,20,21,22,23,24
A,     ,     ,     ,     ,     ,     ,     ,     ,     ,     ,     ,     ,     ,     ,     ,     ,     ,     ,     ,     ,     ,     ,     ,     
B,     ,     ,     ,     ,     ,     ,     ,     ,     ,     ,     ,     ,     ,     ,     ,     ,     ,     ,     ,     ,     ,     ,     ,     
C,     ,     ,     ,     ,     ,     ,     ,     ,     ,     ,     ,     ,     ,     ,     ,     ,     ,     ,     ,     ,     ,     ,     ,     
D,     ,     ,     ,     ,     ,     ,     ,     ,     ,     ,     ,     ,     ,     ,     ,     ,     ,     ,     ,     ,     ,     ,     ,     
E,     ,     ,     ,     ,     ,     ,     ,     ,     ,     ,     ,     ,     ,     ,     ,     ,     ,     ,     ,     ,     ,     ,     ,     
F,     ,     ,     ,     ,     ,     ,     ,     ,     ,     ,     ,     ,     ,     ,     ,     ,     ,     ,     ,     ,     ,     ,     ,     
G,     ,     ,     ,     ,     ,     ,     ,     ,     ,     ,     ,     ,     ,     ,     ,     ,     ,     ,     ,     ,     ,     ,     ,     
H,     ,     ,     ,     ,     ,     ,     ,     ,     ,     ,     ,     ,     ,     ,     ,     ,     ,     ,     ,     ,     ,     ,     ,     
I,     ,     ,     ,     ,     ,     ,     ,     ,     ,     ,     ,     ,     ,     ,     ,     ,     ,     ,     ,     ,     ,     ,     ,     
J,     ,     ,     ,     ,     ,     ,     ,     ,     ,     ,     ,     ,     ,     ,     ,     ,     ,     ,     ,     ,     ,     ,     ,     
K,     ,     ,     ,     ,     ,     ,     ,     ,     ,     ,     ,     ,     ,     ,     ,     ,     ,     ,     ,     ,     ,     ,     ,     
L,     ,     ,     ,     ,     ,     ,     ,     ,     ,     ,     ,     ,     ,     ,     ,     ,     ,     ,     ,     ,     ,     ,     ,     
M,UNK1 ,UNK2 ,UNK3 ,UNK4 ,UNK5 ,UNK6 ,UNK7 ,UNK8 ,UNK9 ,UNK10,UNK11,UNK12,UNK13,UNK14,UNK15,UNK16,UNK17,     ,     ,     ,     ,     ,     ,     
N,UNK18,UNK19,UNK20,UNK21,UNK22,UNK23,UNK24,UNK25,UNK26,UNK27,UNK28,UNK29,UNK30,UNK31,UNK32,UNK33,UNK34,     ,     ,     ,     ,     ,     ,     
O,UNK35,UNK36,UNK37,UNK38,UNK39,UNK40,UNK41,UNK42,UNK43,UNK44,UNK45,UNK46,UNK47,UNK48,UNK49,UNK50,UNK51,     ,     ,     ,     ,     ,     ,     
P,UNK52,UNK53,UNK54,UNK55,UNK56,UNK57,UNK58,UNK59,UNK60,UNK61,UNK62,UNK63,UNK64,UNK65,UNK66,UNK67,UNK68,     ,     ,     ,     ,     ,     ,     
,,,,,,,,,,,,,,,,,,,,,,,,
 UNK - Unknown,,,,,,,,,,,,,,,,,,,,,,,,
,,,,,,,,,,,,,,,,,,,,,,,,
Calculations:,,,,,,,,,,,,,,,,,,,,,,,,
No calculations.,,,,,,,,,,,,,,,,,,,,,,,,
,,,,,,,,,,,,,,,,,,,,,,,,
Auto export parameters:,,,,,,,,,,,,,,,,,,,,,,,,
Export format,,,,Plate5,,,,,,,,,,,,,,,,,,,,
Picture,,,,No,,,,,,,,,,,,,,,,,,,,
Add plate number to the file name,,,,Yes,,,,,,,,,,,,,,,,,,,,
Each plate to separate file,,,,No,,,,,,,,,,,,,,,,,,,,
Field separator to use,,,,System,,,,,,,,,,,,,,,,,,,,
File name format,,,,<DefaultDataFolder>\<Date>\<ProtocolName>_<AssayID>.csv,,,,,,,,,,,,,,,,,,,,
Exported data,,,,MeasA:Result,,,,,,,,,,,,,,,,,,,,
,,,,,,,,,,,,,,,,,,,,,,,,
Operations:,,,,,,,,,,,,,,,,,,,,,,,,
Plate 1,,,,,,,,,,,,,,,,,,,,,,,,
  Temperature control,,,,,,,,,,,,,,,,,,,,,,,,
    Measurement chamber temperature,,,,37 °„C,,,,,,,,,,,,,,,,,,,,
    Condensation prevention for sealed plates,,,,No,,,,,,,,,,,,,,,,,,,,
    Fast start,,,,No,,,,,,,,,,,,,,,,,,,,
    Fast cooling,,,,No,,,,,,,,,,,,,,,,,,,,
    Set temperature and continue immediately,,,,Yes,,,,,,,,,,,,,,,,,,,,
    Set temperature adjustment off,,,,No,,,,,,,,,,,,,,,,,,,,
    First assay/plate repeat affected,,,,1,,,,,,,,,,,,,,,,,,,,
  Measurement,,,,,,,,,,,,,,,,,,,,,,,,
    Meas,,,,A,,,,,,,,,,,,,,,,,,,,
    Tech,,,,Fluorescence,,,,,,,,,,,,,,,,,,,,
,,,,,,,,,,,,,,,,,,,,,,,,
Measurements:,,,,,,,,,,,,,,,,,,,,,,,,
Meas ,,,,A,,,,,,,,,,,,,,,,,,,,
Exc. filter,,,,N/A,,,,,,,,,,,,,,,,,,,,
Using of excitation filter,,,,Bottom,,,,,,,,,,,,,,,,,,,,
Excitation wavelength,,,,485 nm,,,,,,,,,,,,,,,,,,,,
Emission wavelength,,,,535 nm,,,,,,,,,,,,,,,,,,,,
Measurement height,,,,3 mm,,,,,,,,,,,,,,,,,,,,
Number of flashes,,,,100,,,,,,,,,,,,,,,,,,,,
Number of flashes integrated,,,,100,,,,,,,,,,,,,,,,,,,,
Flash power,,,,100%,,,,,,,,,,,,,,,,,,,,
Excitation light,,,,100%,,,,,,,,,,,,,,,,,,,,
Reference excitation light,,,,100%,,,,,,,,,,,,,,,,,,,,
Emission light,,,,100%,,,,,,,,,,,,,,,,,,,,
Reference AD gain of bottom,,,,2,,,,,,,,,,,,,,,,,,,,
Reference signal of bottom,,,,12034296,,,,,,,,,,,,,,,,,,,,
Last edited,,,,2019/12/27 20:48,,,,,,,,,,,,,,,,,,,,
Last edited by,,,,EnSpire,,,,,,,,,,,,,,,,,,,,
Factory preset,,,,No,,,,,,,,,,,,,,,,,,,,
,,,,,,,,,,,,,,,,,,,,,,,,
Filters:,,,,,,,,,,,,,,,,,,,,,,,,
Monochromator cutoff 230,,,,140,,,,,,,,,,,,,,,,,,,,
Filter polarization,,,,None,,,,,,,,,,,,,,,,,,,,
Description,,,,X230co Longpass=230nm  Tmin=90%,,,,,,,,,,,,,,,,,,,,
Used with,,,,,,,,,,,,,,,,,,,,,,,,
Last edited,,,,2011/1/1,,,,,,,,,,,,,,,,,,,,
Last edited by,,,,Installation,,,,,,,,,,,,,,,,,,,,
Factory preset,,,,Yes,,,,,,,,,,,,,,,,,,,,
,,,,,,,,,,,,,,,,,,,,,,,,
Monochromator cutoff 360,,,,141,,,,,,,,,,,,,,,,,,,,
Filter polarization,,,,None,,,,,,,,,,,,,,,,,,,,
Description,,,,X360co Longpass=360nm  Tmin=90%,,,,,,,,,,,,,,,,,,,,
Used with,,,,,,,,,,,,,,,,,,,,,,,,
Last edited,,,,2011/1/1,,,,,,,,,,,,,,,,,,,,
Last edited by,,,,Installation,,,,,,,,,,,,,,,,,,,,
Factory preset,,,,Yes,,,,,,,,,,,,,,,,,,,,
,,,,,,,,,,,,,,,,,,,,,,,,
Monochromator cutoff 585,,,,142,,,,,,,,,,,,,,,,,,,,
Filter polarization,,,,None,,,,,,,,,,,,,,,,,,,,
Description,,,,X585co Longpass=585nm  Tmin=75%,,,,,,,,,,,,,,,,,,,,
Used with,,,,,,,,,,,,,,,,,,,,,,,,
Last edited,,,,2011/1/1,,,,,,,,,,,,,,,,,,,,
Last edited by,,,,Installation,,,,,,,,,,,,,,,,,,,,
Factory preset,,,,Yes,,,,,,,,,,,,,,,,,,,,
,,,,,,,,,,,,,,,,,,,,,,,,
Instrument:,,,,,,,,,,,,,,,,,,,,,,,,
Serial number,,,,23001302,,,,,,,,,,,,,,,,,,,,
Nickname,,,,EnSpire,,,,,,,,,,,,,,,,,,,,
,,,,,,,,,,,,,,,,,,,,,,,,
,,,,,,,,,,,,,,,,,,,,,,,,
,,,,,,,,,,,,,,,,,,,,,,,,
,,,,,,,,,,,,,,,,,,,,,,,,
,,,,,,,,,,,,,,,,,,,,,,,,
,,,,,,,,,,,,,,,,,,,,,,,,
Exported with EnSpire Workstation version 4.13.3005.1482,,,,,,,,,,,,,,,,,,,,,,,,
